date,sales,year,month,day,weekday
2013-01-01,13.0,2013,1,1,1
2013-01-02,11.0,2013,1,2,2
2013-01-03,14.0,2013,1,3,3
2013-01-04,13.0,2013,1,4,4
2013-01-05,10.0,2013,1,5,5
2013-01-06,12.0,2013,1,6,6
2013-01-07,10.0,2013,1,7,0
2013-01-08,9.0,2013,1,8,1
2013-01-09,12.0,2013,1,9,2
2013-01-10,9.0,2013,1,10,3
2013-01-11,9.0,2013,1,11,4
2013-01-12,7.0,2013,1,12,5
2013-01-13,10.0,2013,1,13,6
2013-01-14,12.0,2013,1,14,0
2013-01-15,5.0,2013,1,15,1
2013-01-16,7.0,2013,1,16,2
2013-01-17,16.0,2013,1,17,3
2013-01-18,7.0,2013,1,18,4
2013-01-19,18.0,2013,1,19,5
2013-01-20,15.0,2013,1,20,6
2013-01-21,8.0,2013,1,21,0
2013-01-22,7.0,2013,1,22,1
2013-01-23,9.0,2013,1,23,2
2013-01-24,8.0,2013,1,24,3
2013-01-25,14.0,2013,1,25,4
2013-01-26,12.0,2013,1,26,5
2013-01-27,12.0,2013,1,27,6
2013-01-28,11.0,2013,1,28,0
2013-01-29,6.0,2013,1,29,1
2013-01-30,9.0,2013,1,30,2
2013-01-31,13.0,2013,1,31,3
2013-02-01,11.0,2013,2,32,4
2013-02-02,21.0,2013,2,33,5
2013-02-03,15.0,2013,2,34,6
2013-02-04,14.0,2013,2,35,0
2013-02-05,9.0,2013,2,36,1
2013-02-06,10.0,2013,2,37,2
2013-02-07,13.0,2013,2,38,3
2013-02-08,11.0,2013,2,39,4
2013-02-09,14.0,2013,2,40,5
2013-02-10,11.0,2013,2,41,6
2013-02-11,16.0,2013,2,42,0
2013-02-12,11.0,2013,2,43,1
2013-02-13,14.0,2013,2,44,2
2013-02-14,10.0,2013,2,45,3
2013-02-15,11.0,2013,2,46,4
2013-02-16,7.0,2013,2,47,5
2013-02-17,11.0,2013,2,48,6
2013-02-18,10.0,2013,2,49,0
2013-02-19,10.0,2013,2,50,1
2013-02-20,7.0,2013,2,51,2
2013-02-21,13.0,2013,2,52,3
2013-02-22,12.0,2013,2,53,4
2013-02-23,15.0,2013,2,54,5
2013-02-24,11.0,2013,2,55,6
2013-02-25,7.0,2013,2,56,0
2013-02-26,9.0,2013,2,57,1
2013-02-27,9.0,2013,2,58,2
2013-02-28,10.0,2013,2,59,3
2013-03-01,15.0,2013,3,60,4
2013-03-02,13.0,2013,3,61,5
2013-03-03,20.0,2013,3,62,6
2013-03-04,14.0,2013,3,63,0
2013-03-05,13.0,2013,3,64,1
2013-03-06,17.0,2013,3,65,2
2013-03-07,11.0,2013,3,66,3
2013-03-08,15.0,2013,3,67,4
2013-03-09,16.0,2013,3,68,5
2013-03-10,11.0,2013,3,69,6
2013-03-11,18.0,2013,3,70,0
2013-03-12,14.0,2013,3,71,1
2013-03-13,13.0,2013,3,72,2
2013-03-14,10.0,2013,3,73,3
2013-03-15,14.0,2013,3,74,4
2013-03-16,10.0,2013,3,75,5
2013-03-17,22.0,2013,3,76,6
2013-03-18,11.0,2013,3,77,0
2013-03-19,19.0,2013,3,78,1
2013-03-20,14.0,2013,3,79,2
2013-03-21,17.0,2013,3,80,3
2013-03-22,21.0,2013,3,81,4
2013-03-23,21.0,2013,3,82,5
2013-03-24,19.0,2013,3,83,6
2013-03-25,13.0,2013,3,84,0
2013-03-26,16.0,2013,3,85,1
2013-03-27,11.0,2013,3,86,2
2013-03-28,13.0,2013,3,87,3
2013-03-29,17.0,2013,3,88,4
2013-03-30,19.0,2013,3,89,5
2013-03-31,20.0,2013,3,90,6
2013-04-01,11.0,2013,4,91,0
2013-04-02,19.0,2013,4,92,1
2013-04-03,24.0,2013,4,93,2
2013-04-04,18.0,2013,4,94,3
2013-04-05,19.0,2013,4,95,4
2013-04-06,23.0,2013,4,96,5
2013-04-07,17.0,2013,4,97,6
2013-04-08,19.0,2013,4,98,0
2013-04-09,13.0,2013,4,99,1
2013-04-10,19.0,2013,4,100,2
2013-04-11,16.0,2013,4,101,3
2013-04-12,18.0,2013,4,102,4
2013-04-13,17.0,2013,4,103,5
2013-04-14,26.0,2013,4,104,6
2013-04-15,14.0,2013,4,105,0
2013-04-16,9.0,2013,4,106,1
2013-04-17,17.0,2013,4,107,2
2013-04-18,21.0,2013,4,108,3
2013-04-19,22.0,2013,4,109,4
2013-04-20,22.0,2013,4,110,5
2013-04-21,20.0,2013,4,111,6
2013-04-22,13.0,2013,4,112,0
2013-04-23,11.0,2013,4,113,1
2013-04-24,13.0,2013,4,114,2
2013-04-25,14.0,2013,4,115,3
2013-04-26,20.0,2013,4,116,4
2013-04-27,22.0,2013,4,117,5
2013-04-28,19.0,2013,4,118,6
2013-04-29,11.0,2013,4,119,0
2013-04-30,15.0,2013,4,120,1
2013-05-01,16.0,2013,5,121,2
2013-05-02,23.0,2013,5,122,3
2013-05-03,22.0,2013,5,123,4
2013-05-04,20.0,2013,5,124,5
2013-05-05,14.0,2013,5,125,6
2013-05-06,14.0,2013,5,126,0
2013-05-07,15.0,2013,5,127,1
2013-05-08,14.0,2013,5,128,2
2013-05-09,11.0,2013,5,129,3
2013-05-10,16.0,2013,5,130,4
2013-05-11,19.0,2013,5,131,5
2013-05-12,13.0,2013,5,132,6
2013-05-13,9.0,2013,5,133,0
2013-05-14,13.0,2013,5,134,1
2013-05-15,16.0,2013,5,135,2
2013-05-16,15.0,2013,5,136,3
2013-05-17,16.0,2013,5,137,4
2013-05-18,20.0,2013,5,138,5
2013-05-19,19.0,2013,5,139,6
2013-05-20,14.0,2013,5,140,0
2013-05-21,24.0,2013,5,141,1
2013-05-22,23.0,2013,5,142,2
2013-05-23,14.0,2013,5,143,3
2013-05-24,24.0,2013,5,144,4
2013-05-25,25.0,2013,5,145,5
2013-05-26,27.0,2013,5,146,6
2013-05-27,7.0,2013,5,147,0
2013-05-28,12.0,2013,5,148,1
2013-05-29,10.0,2013,5,149,2
2013-05-30,19.0,2013,5,150,3
2013-05-31,27.0,2013,5,151,4
2013-06-01,26.0,2013,6,152,5
2013-06-02,22.0,2013,6,153,6
2013-06-03,12.0,2013,6,154,0
2013-06-04,15.0,2013,6,155,1
2013-06-05,24.0,2013,6,156,2
2013-06-06,9.0,2013,6,157,3
2013-06-07,21.0,2013,6,158,4
2013-06-08,20.0,2013,6,159,5
2013-06-09,38.0,2013,6,160,6
2013-06-10,20.0,2013,6,161,0
2013-06-11,18.0,2013,6,162,1
2013-06-12,22.0,2013,6,163,2
2013-06-13,21.0,2013,6,164,3
2013-06-14,22.0,2013,6,165,4
2013-06-15,26.0,2013,6,166,5
2013-06-16,23.0,2013,6,167,6
2013-06-17,13.0,2013,6,168,0
2013-06-18,21.0,2013,6,169,1
2013-06-19,18.0,2013,6,170,2
2013-06-20,24.0,2013,6,171,3
2013-06-21,19.0,2013,6,172,4
2013-06-22,23.0,2013,6,173,5
2013-06-23,24.0,2013,6,174,6
2013-06-24,17.0,2013,6,175,0
2013-06-25,21.0,2013,6,176,1
2013-06-26,21.0,2013,6,177,2
2013-06-27,26.0,2013,6,178,3
2013-06-28,17.0,2013,6,179,4
2013-06-29,20.0,2013,6,180,5
2013-06-30,24.0,2013,6,181,6
2013-07-01,23.0,2013,7,182,0
2013-07-02,17.0,2013,7,183,1
2013-07-03,12.0,2013,7,184,2
2013-07-04,24.0,2013,7,185,3
2013-07-05,17.0,2013,7,186,4
2013-07-06,16.0,2013,7,187,5
2013-07-07,34.0,2013,7,188,6
2013-07-08,20.0,2013,7,189,0
2013-07-09,23.0,2013,7,190,1
2013-07-10,14.0,2013,7,191,2
2013-07-11,25.0,2013,7,192,3
2013-07-12,29.0,2013,7,193,4
2013-07-13,22.0,2013,7,194,5
2013-07-14,29.0,2013,7,195,6
2013-07-15,18.0,2013,7,196,0
2013-07-16,12.0,2013,7,197,1
2013-07-17,16.0,2013,7,198,2
2013-07-18,21.0,2013,7,199,3
2013-07-19,25.0,2013,7,200,4
2013-07-20,25.0,2013,7,201,5
2013-07-21,26.0,2013,7,202,6
2013-07-22,18.0,2013,7,203,0
2013-07-23,17.0,2013,7,204,1
2013-07-24,21.0,2013,7,205,2
2013-07-25,21.0,2013,7,206,3
2013-07-26,31.0,2013,7,207,4
2013-07-27,19.0,2013,7,208,5
2013-07-28,25.0,2013,7,209,6
2013-07-29,8.0,2013,7,210,0
2013-07-30,26.0,2013,7,211,1
2013-07-31,27.0,2013,7,212,2
2013-08-01,21.0,2013,8,213,3
2013-08-02,19.0,2013,8,214,4
2013-08-03,24.0,2013,8,215,5
2013-08-04,26.0,2013,8,216,6
2013-08-05,17.0,2013,8,217,0
2013-08-06,10.0,2013,8,218,1
2013-08-07,25.0,2013,8,219,2
2013-08-08,20.0,2013,8,220,3
2013-08-09,19.0,2013,8,221,4
2013-08-10,22.0,2013,8,222,5
2013-08-11,25.0,2013,8,223,6
2013-08-12,10.0,2013,8,224,0
2013-08-13,11.0,2013,8,225,1
2013-08-14,19.0,2013,8,226,2
2013-08-15,22.0,2013,8,227,3
2013-08-16,15.0,2013,8,228,4
2013-08-17,29.0,2013,8,229,5
2013-08-18,27.0,2013,8,230,6
2013-08-19,11.0,2013,8,231,0
2013-08-20,15.0,2013,8,232,1
2013-08-21,20.0,2013,8,233,2
2013-08-22,20.0,2013,8,234,3
2013-08-23,19.0,2013,8,235,4
2013-08-24,19.0,2013,8,236,5
2013-08-25,23.0,2013,8,237,6
2013-08-26,11.0,2013,8,238,0
2013-08-27,16.0,2013,8,239,1
2013-08-28,20.0,2013,8,240,2
2013-08-29,14.0,2013,8,241,3
2013-08-30,20.0,2013,8,242,4
2013-08-31,25.0,2013,8,243,5
2013-09-01,25.0,2013,9,244,6
2013-09-02,10.0,2013,9,245,0
2013-09-03,16.0,2013,9,246,1
2013-09-04,10.0,2013,9,247,2
2013-09-05,16.0,2013,9,248,3
2013-09-06,20.0,2013,9,249,4
2013-09-07,20.0,2013,9,250,5
2013-09-08,19.0,2013,9,251,6
2013-09-09,15.0,2013,9,252,0
2013-09-10,17.0,2013,9,253,1
2013-09-11,26.0,2013,9,254,2
2013-09-12,14.0,2013,9,255,3
2013-09-13,16.0,2013,9,256,4
2013-09-14,27.0,2013,9,257,5
2013-09-15,14.0,2013,9,258,6
2013-09-16,16.0,2013,9,259,0
2013-09-17,20.0,2013,9,260,1
2013-09-18,18.0,2013,9,261,2
2013-09-19,16.0,2013,9,262,3
2013-09-20,11.0,2013,9,263,4
2013-09-21,13.0,2013,9,264,5
2013-09-22,16.0,2013,9,265,6
2013-09-23,18.0,2013,9,266,0
2013-09-24,14.0,2013,9,267,1
2013-09-25,17.0,2013,9,268,2
2013-09-26,20.0,2013,9,269,3
2013-09-27,22.0,2013,9,270,4
2013-09-28,13.0,2013,9,271,5
2013-09-29,20.0,2013,9,272,6
2013-09-30,20.0,2013,9,273,0
2013-10-01,12.0,2013,10,274,1
2013-10-02,11.0,2013,10,275,2
2013-10-03,14.0,2013,10,276,3
2013-10-04,14.0,2013,10,277,4
2013-10-05,14.0,2013,10,278,5
2013-10-06,20.0,2013,10,279,6
2013-10-07,13.0,2013,10,280,0
2013-10-08,13.0,2013,10,281,1
2013-10-09,14.0,2013,10,282,2
2013-10-10,20.0,2013,10,283,3
2013-10-11,17.0,2013,10,284,4
2013-10-12,17.0,2013,10,285,5
2013-10-13,20.0,2013,10,286,6
2013-10-14,15.0,2013,10,287,0
2013-10-15,15.0,2013,10,288,1
2013-10-16,15.0,2013,10,289,2
2013-10-17,10.0,2013,10,290,3
2013-10-18,10.0,2013,10,291,4
2013-10-19,18.0,2013,10,292,5
2013-10-20,25.0,2013,10,293,6
2013-10-21,13.0,2013,10,294,0
2013-10-22,11.0,2013,10,295,1
2013-10-23,16.0,2013,10,296,2
2013-10-24,17.0,2013,10,297,3
2013-10-25,18.0,2013,10,298,4
2013-10-26,19.0,2013,10,299,5
2013-10-27,14.0,2013,10,300,6
2013-10-28,11.0,2013,10,301,0
2013-10-29,17.0,2013,10,302,1
2013-10-30,20.0,2013,10,303,2
2013-10-31,21.0,2013,10,304,3
2013-11-01,20.0,2013,11,305,4
2013-11-02,24.0,2013,11,306,5
2013-11-03,19.0,2013,11,307,6
2013-11-04,12.0,2013,11,308,0
2013-11-05,20.0,2013,11,309,1
2013-11-06,16.0,2013,11,310,2
2013-11-07,17.0,2013,11,311,3
2013-11-08,22.0,2013,11,312,4
2013-11-09,18.0,2013,11,313,5
2013-11-10,23.0,2013,11,314,6
2013-11-11,16.0,2013,11,315,0
2013-11-12,20.0,2013,11,316,1
2013-11-13,20.0,2013,11,317,2
2013-11-14,9.0,2013,11,318,3
2013-11-15,18.0,2013,11,319,4
2013-11-16,13.0,2013,11,320,5
2013-11-17,17.0,2013,11,321,6
2013-11-18,17.0,2013,11,322,0
2013-11-19,18.0,2013,11,323,1
2013-11-20,17.0,2013,11,324,2
2013-11-21,16.0,2013,11,325,3
2013-11-22,17.0,2013,11,326,4
2013-11-23,31.0,2013,11,327,5
2013-11-24,20.0,2013,11,328,6
2013-11-25,16.0,2013,11,329,0
2013-11-26,25.0,2013,11,330,1
2013-11-27,25.0,2013,11,331,2
2013-11-28,17.0,2013,11,332,3
2013-11-29,19.0,2013,11,333,4
2013-11-30,30.0,2013,11,334,5
2013-12-01,16.0,2013,12,335,6
2013-12-02,8.0,2013,12,336,0
2013-12-03,21.0,2013,12,337,1
2013-12-04,6.0,2013,12,338,2
2013-12-05,13.0,2013,12,339,3
2013-12-06,15.0,2013,12,340,4
2013-12-07,17.0,2013,12,341,5
2013-12-08,17.0,2013,12,342,6
2013-12-09,8.0,2013,12,343,0
2013-12-10,14.0,2013,12,344,1
2013-12-11,7.0,2013,12,345,2
2013-12-12,5.0,2013,12,346,3
2013-12-13,13.0,2013,12,347,4
2013-12-14,16.0,2013,12,348,5
2013-12-15,15.0,2013,12,349,6
2013-12-16,15.0,2013,12,350,0
2013-12-17,8.0,2013,12,351,1
2013-12-18,18.0,2013,12,352,2
2013-12-19,7.0,2013,12,353,3
2013-12-20,13.0,2013,12,354,4
2013-12-21,11.0,2013,12,355,5
2013-12-22,9.0,2013,12,356,6
2013-12-23,8.0,2013,12,357,0
2013-12-24,17.0,2013,12,358,1
2013-12-25,6.0,2013,12,359,2
2013-12-26,16.0,2013,12,360,3
2013-12-27,18.0,2013,12,361,4
2013-12-28,17.0,2013,12,362,5
2013-12-29,14.0,2013,12,363,6
2013-12-30,5.0,2013,12,364,0
2013-12-31,15.0,2013,12,365,1
2014-01-01,9.0,2014,1,1,2
2014-01-02,14.0,2014,1,2,3
2014-01-03,11.0,2014,1,3,4
2014-01-04,20.0,2014,1,4,5
2014-01-05,17.0,2014,1,5,6
2014-01-06,14.0,2014,1,6,0
2014-01-07,11.0,2014,1,7,1
2014-01-08,12.0,2014,1,8,2
2014-01-09,17.0,2014,1,9,3
2014-01-10,12.0,2014,1,10,4
2014-01-11,17.0,2014,1,11,5
2014-01-12,12.0,2014,1,12,6
2014-01-13,12.0,2014,1,13,0
2014-01-14,17.0,2014,1,14,1
2014-01-15,17.0,2014,1,15,2
2014-01-16,15.0,2014,1,16,3
2014-01-17,18.0,2014,1,17,4
2014-01-18,15.0,2014,1,18,5
2014-01-19,12.0,2014,1,19,6
2014-01-20,6.0,2014,1,20,0
2014-01-21,7.0,2014,1,21,1
2014-01-22,21.0,2014,1,22,2
2014-01-23,18.0,2014,1,23,3
2014-01-24,18.0,2014,1,24,4
2014-01-25,21.0,2014,1,25,5
2014-01-26,16.0,2014,1,26,6
2014-01-27,8.0,2014,1,27,0
2014-01-28,6.0,2014,1,28,1
2014-01-29,13.0,2014,1,29,2
2014-01-30,11.0,2014,1,30,3
2014-01-31,18.0,2014,1,31,4
2014-02-01,13.0,2014,2,32,5
2014-02-02,16.0,2014,2,33,6
2014-02-03,10.0,2014,2,34,0
2014-02-04,9.0,2014,2,35,1
2014-02-05,21.0,2014,2,36,2
2014-02-06,17.0,2014,2,37,3
2014-02-07,15.0,2014,2,38,4
2014-02-08,15.0,2014,2,39,5
2014-02-09,18.0,2014,2,40,6
2014-02-10,10.0,2014,2,41,0
2014-02-11,10.0,2014,2,42,1
2014-02-12,9.0,2014,2,43,2
2014-02-13,22.0,2014,2,44,3
2014-02-14,20.0,2014,2,45,4
2014-02-15,20.0,2014,2,46,5
2014-02-16,13.0,2014,2,47,6
2014-02-17,11.0,2014,2,48,0
2014-02-18,11.0,2014,2,49,1
2014-02-19,16.0,2014,2,50,2
2014-02-20,19.0,2014,2,51,3
2014-02-21,16.0,2014,2,52,4
2014-02-22,17.0,2014,2,53,5
2014-02-23,13.0,2014,2,54,6
2014-02-24,7.0,2014,2,55,0
2014-02-25,14.0,2014,2,56,1
2014-02-26,17.0,2014,2,57,2
2014-02-27,10.0,2014,2,58,3
2014-02-28,16.0,2014,2,59,4
2014-03-01,20.0,2014,3,60,5
2014-03-02,15.0,2014,3,61,6
2014-03-03,12.0,2014,3,62,0
2014-03-04,11.0,2014,3,63,1
2014-03-05,18.0,2014,3,64,2
2014-03-06,19.0,2014,3,65,3
2014-03-07,21.0,2014,3,66,4
2014-03-08,14.0,2014,3,67,5
2014-03-09,21.0,2014,3,68,6
2014-03-10,13.0,2014,3,69,0
2014-03-11,14.0,2014,3,70,1
2014-03-12,24.0,2014,3,71,2
2014-03-13,17.0,2014,3,72,3
2014-03-14,16.0,2014,3,73,4
2014-03-15,22.0,2014,3,74,5
2014-03-16,31.0,2014,3,75,6
2014-03-17,19.0,2014,3,76,0
2014-03-18,17.0,2014,3,77,1
2014-03-19,24.0,2014,3,78,2
2014-03-20,21.0,2014,3,79,3
2014-03-21,18.0,2014,3,80,4
2014-03-22,20.0,2014,3,81,5
2014-03-23,25.0,2014,3,82,6
2014-03-24,4.0,2014,3,83,0
2014-03-25,15.0,2014,3,84,1
2014-03-26,17.0,2014,3,85,2
2014-03-27,17.0,2014,3,86,3
2014-03-28,16.0,2014,3,87,4
2014-03-29,18.0,2014,3,88,5
2014-03-30,15.0,2014,3,89,6
2014-03-31,15.0,2014,3,90,0
2014-04-01,19.0,2014,4,91,1
2014-04-02,11.0,2014,4,92,2
2014-04-03,16.0,2014,4,93,3
2014-04-04,17.0,2014,4,94,4
2014-04-05,21.0,2014,4,95,5
2014-04-06,26.0,2014,4,96,6
2014-04-07,19.0,2014,4,97,0
2014-04-08,19.0,2014,4,98,1
2014-04-09,20.0,2014,4,99,2
2014-04-10,18.0,2014,4,100,3
2014-04-11,23.0,2014,4,101,4
2014-04-12,19.0,2014,4,102,5
2014-04-13,22.0,2014,4,103,6
2014-04-14,20.0,2014,4,104,0
2014-04-15,22.0,2014,4,105,1
2014-04-16,20.0,2014,4,106,2
2014-04-17,18.0,2014,4,107,3
2014-04-18,20.0,2014,4,108,4
2014-04-19,22.0,2014,4,109,5
2014-04-20,22.0,2014,4,110,6
2014-04-21,17.0,2014,4,111,0
2014-04-22,12.0,2014,4,112,1
2014-04-23,16.0,2014,4,113,2
2014-04-24,25.0,2014,4,114,3
2014-04-25,22.0,2014,4,115,4
2014-04-26,21.0,2014,4,116,5
2014-04-27,20.0,2014,4,117,6
2014-04-28,15.0,2014,4,118,0
2014-04-29,18.0,2014,4,119,1
2014-04-30,13.0,2014,4,120,2
2014-05-01,22.0,2014,5,121,3
2014-05-02,19.0,2014,5,122,4
2014-05-03,22.0,2014,5,123,5
2014-05-04,23.0,2014,5,124,6
2014-05-05,21.0,2014,5,125,0
2014-05-06,19.0,2014,5,126,1
2014-05-07,21.0,2014,5,127,2
2014-05-08,15.0,2014,5,128,3
2014-05-09,18.0,2014,5,129,4
2014-05-10,16.0,2014,5,130,5
2014-05-11,27.0,2014,5,131,6
2014-05-12,16.0,2014,5,132,0
2014-05-13,22.0,2014,5,133,1
2014-05-14,21.0,2014,5,134,2
2014-05-15,22.0,2014,5,135,3
2014-05-16,23.0,2014,5,136,4
2014-05-17,18.0,2014,5,137,5
2014-05-18,36.0,2014,5,138,6
2014-05-19,12.0,2014,5,139,0
2014-05-20,23.0,2014,5,140,1
2014-05-21,16.0,2014,5,141,2
2014-05-22,25.0,2014,5,142,3
2014-05-23,28.0,2014,5,143,4
2014-05-24,25.0,2014,5,144,5
2014-05-25,20.0,2014,5,145,6
2014-05-26,15.0,2014,5,146,0
2014-05-27,13.0,2014,5,147,1
2014-05-28,13.0,2014,5,148,2
2014-05-29,20.0,2014,5,149,3
2014-05-30,29.0,2014,5,150,4
2014-05-31,31.0,2014,5,151,5
2014-06-01,24.0,2014,6,152,6
2014-06-02,16.0,2014,6,153,0
2014-06-03,23.0,2014,6,154,1
2014-06-04,20.0,2014,6,155,2
2014-06-05,24.0,2014,6,156,3
2014-06-06,23.0,2014,6,157,4
2014-06-07,27.0,2014,6,158,5
2014-06-08,29.0,2014,6,159,6
2014-06-09,18.0,2014,6,160,0
2014-06-10,14.0,2014,6,161,1
2014-06-11,22.0,2014,6,162,2
2014-06-12,22.0,2014,6,163,3
2014-06-13,25.0,2014,6,164,4
2014-06-14,29.0,2014,6,165,5
2014-06-15,33.0,2014,6,166,6
2014-06-16,25.0,2014,6,167,0
2014-06-17,32.0,2014,6,168,1
2014-06-18,20.0,2014,6,169,2
2014-06-19,22.0,2014,6,170,3
2014-06-20,19.0,2014,6,171,4
2014-06-21,26.0,2014,6,172,5
2014-06-22,37.0,2014,6,173,6
2014-06-23,19.0,2014,6,174,0
2014-06-24,24.0,2014,6,175,1
2014-06-25,21.0,2014,6,176,2
2014-06-26,18.0,2014,6,177,3
2014-06-27,29.0,2014,6,178,4
2014-06-28,34.0,2014,6,179,5
2014-06-29,19.0,2014,6,180,6
2014-06-30,16.0,2014,6,181,0
2014-07-01,16.0,2014,7,182,1
2014-07-02,24.0,2014,7,183,2
2014-07-03,25.0,2014,7,184,3
2014-07-04,28.0,2014,7,185,4
2014-07-05,25.0,2014,7,186,5
2014-07-06,34.0,2014,7,187,6
2014-07-07,16.0,2014,7,188,0
2014-07-08,25.0,2014,7,189,1
2014-07-09,27.0,2014,7,190,2
2014-07-10,23.0,2014,7,191,3
2014-07-11,25.0,2014,7,192,4
2014-07-12,22.0,2014,7,193,5
2014-07-13,24.0,2014,7,194,6
2014-07-14,21.0,2014,7,195,0
2014-07-15,24.0,2014,7,196,1
2014-07-16,17.0,2014,7,197,2
2014-07-17,26.0,2014,7,198,3
2014-07-18,25.0,2014,7,199,4
2014-07-19,31.0,2014,7,200,5
2014-07-20,26.0,2014,7,201,6
2014-07-21,21.0,2014,7,202,0
2014-07-22,30.0,2014,7,203,1
2014-07-23,19.0,2014,7,204,2
2014-07-24,26.0,2014,7,205,3
2014-07-25,24.0,2014,7,206,4
2014-07-26,29.0,2014,7,207,5
2014-07-27,35.0,2014,7,208,6
2014-07-28,11.0,2014,7,209,0
2014-07-29,19.0,2014,7,210,1
2014-07-30,25.0,2014,7,211,2
2014-07-31,23.0,2014,7,212,3
2014-08-01,12.0,2014,8,213,4
2014-08-02,23.0,2014,8,214,5
2014-08-03,27.0,2014,8,215,6
2014-08-04,20.0,2014,8,216,0
2014-08-05,19.0,2014,8,217,1
2014-08-06,25.0,2014,8,218,2
2014-08-07,21.0,2014,8,219,3
2014-08-08,27.0,2014,8,220,4
2014-08-09,27.0,2014,8,221,5
2014-08-10,22.0,2014,8,222,6
2014-08-11,22.0,2014,8,223,0
2014-08-12,20.0,2014,8,224,1
2014-08-13,11.0,2014,8,225,2
2014-08-14,17.0,2014,8,226,3
2014-08-15,21.0,2014,8,227,4
2014-08-16,20.0,2014,8,228,5
2014-08-17,31.0,2014,8,229,6
2014-08-18,25.0,2014,8,230,0
2014-08-19,15.0,2014,8,231,1
2014-08-20,21.0,2014,8,232,2
2014-08-21,20.0,2014,8,233,3
2014-08-22,21.0,2014,8,234,4
2014-08-23,26.0,2014,8,235,5
2014-08-24,26.0,2014,8,236,6
2014-08-25,12.0,2014,8,237,0
2014-08-26,25.0,2014,8,238,1
2014-08-27,21.0,2014,8,239,2
2014-08-28,19.0,2014,8,240,3
2014-08-29,17.0,2014,8,241,4
2014-08-30,30.0,2014,8,242,5
2014-08-31,28.0,2014,8,243,6
2014-09-01,16.0,2014,9,244,0
2014-09-02,15.0,2014,9,245,1
2014-09-03,22.0,2014,9,246,2
2014-09-04,26.0,2014,9,247,3
2014-09-05,27.0,2014,9,248,4
2014-09-06,21.0,2014,9,249,5
2014-09-07,25.0,2014,9,250,6
2014-09-08,12.0,2014,9,251,0
2014-09-09,22.0,2014,9,252,1
2014-09-10,16.0,2014,9,253,2
2014-09-11,15.0,2014,9,254,3
2014-09-12,25.0,2014,9,255,4
2014-09-13,17.0,2014,9,256,5
2014-09-14,26.0,2014,9,257,6
2014-09-15,12.0,2014,9,258,0
2014-09-16,15.0,2014,9,259,1
2014-09-17,17.0,2014,9,260,2
2014-09-18,18.0,2014,9,261,3
2014-09-19,21.0,2014,9,262,4
2014-09-20,21.0,2014,9,263,5
2014-09-21,20.0,2014,9,264,6
2014-09-22,15.0,2014,9,265,0
2014-09-23,20.0,2014,9,266,1
2014-09-24,14.0,2014,9,267,2
2014-09-25,17.0,2014,9,268,3
2014-09-26,23.0,2014,9,269,4
2014-09-27,13.0,2014,9,270,5
2014-09-28,22.0,2014,9,271,6
2014-09-29,18.0,2014,9,272,0
2014-09-30,15.0,2014,9,273,1
2014-10-01,12.0,2014,10,274,2
2014-10-02,15.0,2014,10,275,3
2014-10-03,24.0,2014,10,276,4
2014-10-04,27.0,2014,10,277,5
2014-10-05,33.0,2014,10,278,6
2014-10-06,9.0,2014,10,279,0
2014-10-07,10.0,2014,10,280,1
2014-10-08,25.0,2014,10,281,2
2014-10-09,18.0,2014,10,282,3
2014-10-10,19.0,2014,10,283,4
2014-10-11,28.0,2014,10,284,5
2014-10-12,29.0,2014,10,285,6
2014-10-13,6.0,2014,10,286,0
2014-10-14,20.0,2014,10,287,1
2014-10-15,21.0,2014,10,288,2
2014-10-16,17.0,2014,10,289,3
2014-10-17,18.0,2014,10,290,4
2014-10-18,22.0,2014,10,291,5
2014-10-19,13.0,2014,10,292,6
2014-10-20,8.0,2014,10,293,0
2014-10-21,19.0,2014,10,294,1
2014-10-22,14.0,2014,10,295,2
2014-10-23,18.0,2014,10,296,3
2014-10-24,17.0,2014,10,297,4
2014-10-25,21.0,2014,10,298,5
2014-10-26,22.0,2014,10,299,6
2014-10-27,15.0,2014,10,300,0
2014-10-28,12.0,2014,10,301,1
2014-10-29,11.0,2014,10,302,2
2014-10-30,12.0,2014,10,303,3
2014-10-31,20.0,2014,10,304,4
2014-11-01,17.0,2014,11,305,5
2014-11-02,33.0,2014,11,306,6
2014-11-03,16.0,2014,11,307,0
2014-11-04,16.0,2014,11,308,1
2014-11-05,15.0,2014,11,309,2
2014-11-06,22.0,2014,11,310,3
2014-11-07,22.0,2014,11,311,4
2014-11-08,12.0,2014,11,312,5
2014-11-09,28.0,2014,11,313,6
2014-11-10,16.0,2014,11,314,0
2014-11-11,12.0,2014,11,315,1
2014-11-12,18.0,2014,11,316,2
2014-11-13,18.0,2014,11,317,3
2014-11-14,25.0,2014,11,318,4
2014-11-15,24.0,2014,11,319,5
2014-11-16,18.0,2014,11,320,6
2014-11-17,17.0,2014,11,321,0
2014-11-18,18.0,2014,11,322,1
2014-11-19,19.0,2014,11,323,2
2014-11-20,17.0,2014,11,324,3
2014-11-21,28.0,2014,11,325,4
2014-11-22,20.0,2014,11,326,5
2014-11-23,29.0,2014,11,327,6
2014-11-24,18.0,2014,11,328,0
2014-11-25,19.0,2014,11,329,1
2014-11-26,23.0,2014,11,330,2
2014-11-27,23.0,2014,11,331,3
2014-11-28,24.0,2014,11,332,4
2014-11-29,28.0,2014,11,333,5
2014-11-30,24.0,2014,11,334,6
2014-12-01,10.0,2014,12,335,0
2014-12-02,17.0,2014,12,336,1
2014-12-03,9.0,2014,12,337,2
2014-12-04,10.0,2014,12,338,3
2014-12-05,14.0,2014,12,339,4
2014-12-06,16.0,2014,12,340,5
2014-12-07,11.0,2014,12,341,6
2014-12-08,13.0,2014,12,342,0
2014-12-09,13.0,2014,12,343,1
2014-12-10,14.0,2014,12,344,2
2014-12-11,12.0,2014,12,345,3
2014-12-12,10.0,2014,12,346,4
2014-12-13,16.0,2014,12,347,5
2014-12-14,13.0,2014,12,348,6
2014-12-15,14.0,2014,12,349,0
2014-12-16,11.0,2014,12,350,1
2014-12-17,15.0,2014,12,351,2
2014-12-18,10.0,2014,12,352,3
2014-12-19,11.0,2014,12,353,4
2014-12-20,19.0,2014,12,354,5
2014-12-21,18.0,2014,12,355,6
2014-12-22,8.0,2014,12,356,0
2014-12-23,13.0,2014,12,357,1
2014-12-24,16.0,2014,12,358,2
2014-12-25,20.0,2014,12,359,3
2014-12-26,12.0,2014,12,360,4
2014-12-27,15.0,2014,12,361,5
2014-12-28,17.0,2014,12,362,6
2014-12-29,9.0,2014,12,363,0
2014-12-30,11.0,2014,12,364,1
2014-12-31,12.0,2014,12,365,2
2015-01-01,11.0,2015,1,1,3
2015-01-02,19.0,2015,1,2,4
2015-01-03,16.0,2015,1,3,5
2015-01-04,14.0,2015,1,4,6
2015-01-05,14.0,2015,1,5,0
2015-01-06,9.0,2015,1,6,1
2015-01-07,13.0,2015,1,7,2
2015-01-08,18.0,2015,1,8,3
2015-01-09,18.0,2015,1,9,4
2015-01-10,17.0,2015,1,10,5
2015-01-11,19.0,2015,1,11,6
2015-01-12,9.0,2015,1,12,0
2015-01-13,9.0,2015,1,13,1
2015-01-14,15.0,2015,1,14,2
2015-01-15,10.0,2015,1,15,3
2015-01-16,15.0,2015,1,16,4
2015-01-17,16.0,2015,1,17,5
2015-01-18,15.0,2015,1,18,6
2015-01-19,12.0,2015,1,19,0
2015-01-20,12.0,2015,1,20,1
2015-01-21,10.0,2015,1,21,2
2015-01-22,8.0,2015,1,22,3
2015-01-23,14.0,2015,1,23,4
2015-01-24,20.0,2015,1,24,5
2015-01-25,19.0,2015,1,25,6
2015-01-26,12.0,2015,1,26,0
2015-01-27,13.0,2015,1,27,1
2015-01-28,13.0,2015,1,28,2
2015-01-29,7.0,2015,1,29,3
2015-01-30,12.0,2015,1,30,4
2015-01-31,19.0,2015,1,31,5
2015-02-01,17.0,2015,2,32,6
2015-02-02,6.0,2015,2,33,0
2015-02-03,10.0,2015,2,34,1
2015-02-04,8.0,2015,2,35,2
2015-02-05,18.0,2015,2,36,3
2015-02-06,13.0,2015,2,37,4
2015-02-07,13.0,2015,2,38,5
2015-02-08,18.0,2015,2,39,6
2015-02-09,12.0,2015,2,40,0
2015-02-10,15.0,2015,2,41,1
2015-02-11,19.0,2015,2,42,2
2015-02-12,15.0,2015,2,43,3
2015-02-13,13.0,2015,2,44,4
2015-02-14,11.0,2015,2,45,5
2015-02-15,18.0,2015,2,46,6
2015-02-16,14.0,2015,2,47,0
2015-02-17,16.0,2015,2,48,1
2015-02-18,16.0,2015,2,49,2
2015-02-19,11.0,2015,2,50,3
2015-02-20,10.0,2015,2,51,4
2015-02-21,19.0,2015,2,52,5
2015-02-22,24.0,2015,2,53,6
2015-02-23,9.0,2015,2,54,0
2015-02-24,8.0,2015,2,55,1
2015-02-25,13.0,2015,2,56,2
2015-02-26,18.0,2015,2,57,3
2015-02-27,17.0,2015,2,58,4
2015-02-28,18.0,2015,2,59,5
2015-03-01,18.0,2015,3,60,6
2015-03-02,17.0,2015,3,61,0
2015-03-03,14.0,2015,3,62,1
2015-03-04,19.0,2015,3,63,2
2015-03-05,10.0,2015,3,64,3
2015-03-06,17.0,2015,3,65,4
2015-03-07,16.0,2015,3,66,5
2015-03-08,13.0,2015,3,67,6
2015-03-09,13.0,2015,3,68,0
2015-03-10,23.0,2015,3,69,1
2015-03-11,21.0,2015,3,70,2
2015-03-12,24.0,2015,3,71,3
2015-03-13,25.0,2015,3,72,4
2015-03-14,15.0,2015,3,73,5
2015-03-15,20.0,2015,3,74,6
2015-03-16,13.0,2015,3,75,0
2015-03-17,15.0,2015,3,76,1
2015-03-18,16.0,2015,3,77,2
2015-03-19,17.0,2015,3,78,3
2015-03-20,31.0,2015,3,79,4
2015-03-21,25.0,2015,3,80,5
2015-03-22,23.0,2015,3,81,6
2015-03-23,16.0,2015,3,82,0
2015-03-24,18.0,2015,3,83,1
2015-03-25,13.0,2015,3,84,2
2015-03-26,10.0,2015,3,85,3
2015-03-27,16.0,2015,3,86,4
2015-03-28,12.0,2015,3,87,5
2015-03-29,25.0,2015,3,88,6
2015-03-30,19.0,2015,3,89,0
2015-03-31,18.0,2015,3,90,1
2015-04-01,24.0,2015,4,91,2
2015-04-02,20.0,2015,4,92,3
2015-04-03,27.0,2015,4,93,4
2015-04-04,26.0,2015,4,94,5
2015-04-05,20.0,2015,4,95,6
2015-04-06,20.0,2015,4,96,0
2015-04-07,19.0,2015,4,97,1
2015-04-08,17.0,2015,4,98,2
2015-04-09,20.0,2015,4,99,3
2015-04-10,24.0,2015,4,100,4
2015-04-11,17.0,2015,4,101,5
2015-04-12,21.0,2015,4,102,6
2015-04-13,14.0,2015,4,103,0
2015-04-14,26.0,2015,4,104,1
2015-04-15,26.0,2015,4,105,2
2015-04-16,20.0,2015,4,106,3
2015-04-17,22.0,2015,4,107,4
2015-04-18,23.0,2015,4,108,5
2015-04-19,24.0,2015,4,109,6
2015-04-20,17.0,2015,4,110,0
2015-04-21,25.0,2015,4,111,1
2015-04-22,19.0,2015,4,112,2
2015-04-23,17.0,2015,4,113,3
2015-04-24,11.0,2015,4,114,4
2015-04-25,29.0,2015,4,115,5
2015-04-26,30.0,2015,4,116,6
2015-04-27,22.0,2015,4,117,0
2015-04-28,27.0,2015,4,118,1
2015-04-29,18.0,2015,4,119,2
2015-04-30,27.0,2015,4,120,3
2015-05-01,20.0,2015,5,121,4
2015-05-02,22.0,2015,5,122,5
2015-05-03,33.0,2015,5,123,6
2015-05-04,14.0,2015,5,124,0
2015-05-05,25.0,2015,5,125,1
2015-05-06,13.0,2015,5,126,2
2015-05-07,23.0,2015,5,127,3
2015-05-08,22.0,2015,5,128,4
2015-05-09,29.0,2015,5,129,5
2015-05-10,29.0,2015,5,130,6
2015-05-11,24.0,2015,5,131,0
2015-05-12,21.0,2015,5,132,1
2015-05-13,14.0,2015,5,133,2
2015-05-14,17.0,2015,5,134,3
2015-05-15,27.0,2015,5,135,4
2015-05-16,31.0,2015,5,136,5
2015-05-17,27.0,2015,5,137,6
2015-05-18,11.0,2015,5,138,0
2015-05-19,28.0,2015,5,139,1
2015-05-20,17.0,2015,5,140,2
2015-05-21,27.0,2015,5,141,3
2015-05-22,22.0,2015,5,142,4
2015-05-23,24.0,2015,5,143,5
2015-05-24,27.0,2015,5,144,6
2015-05-25,19.0,2015,5,145,0
2015-05-26,19.0,2015,5,146,1
2015-05-27,22.0,2015,5,147,2
2015-05-28,23.0,2015,5,148,3
2015-05-29,18.0,2015,5,149,4
2015-05-30,36.0,2015,5,150,5
2015-05-31,27.0,2015,5,151,6
2015-06-01,23.0,2015,6,152,0
2015-06-02,15.0,2015,6,153,1
2015-06-03,23.0,2015,6,154,2
2015-06-04,25.0,2015,6,155,3
2015-06-05,18.0,2015,6,156,4
2015-06-06,43.0,2015,6,157,5
2015-06-07,22.0,2015,6,158,6
2015-06-08,18.0,2015,6,159,0
2015-06-09,19.0,2015,6,160,1
2015-06-10,22.0,2015,6,161,2
2015-06-11,29.0,2015,6,162,3
2015-06-12,23.0,2015,6,163,4
2015-06-13,28.0,2015,6,164,5
2015-06-14,30.0,2015,6,165,6
2015-06-15,19.0,2015,6,166,0
2015-06-16,17.0,2015,6,167,1
2015-06-17,28.0,2015,6,168,2
2015-06-18,29.0,2015,6,169,3
2015-06-19,20.0,2015,6,170,4
2015-06-20,30.0,2015,6,171,5
2015-06-21,34.0,2015,6,172,6
2015-06-22,14.0,2015,6,173,0
2015-06-23,27.0,2015,6,174,1
2015-06-24,26.0,2015,6,175,2
2015-06-25,21.0,2015,6,176,3
2015-06-26,30.0,2015,6,177,4
2015-06-27,31.0,2015,6,178,5
2015-06-28,35.0,2015,6,179,6
2015-06-29,26.0,2015,6,180,0
2015-06-30,23.0,2015,6,181,1
2015-07-01,21.0,2015,7,182,2
2015-07-02,26.0,2015,7,183,3
2015-07-03,30.0,2015,7,184,4
2015-07-04,40.0,2015,7,185,5
2015-07-05,30.0,2015,7,186,6
2015-07-06,20.0,2015,7,187,0
2015-07-07,24.0,2015,7,188,1
2015-07-08,21.0,2015,7,189,2
2015-07-09,33.0,2015,7,190,3
2015-07-10,26.0,2015,7,191,4
2015-07-11,30.0,2015,7,192,5
2015-07-12,19.0,2015,7,193,6
2015-07-13,22.0,2015,7,194,0
2015-07-14,19.0,2015,7,195,1
2015-07-15,20.0,2015,7,196,2
2015-07-16,41.0,2015,7,197,3
2015-07-17,31.0,2015,7,198,4
2015-07-18,38.0,2015,7,199,5
2015-07-19,38.0,2015,7,200,6
2015-07-20,22.0,2015,7,201,0
2015-07-21,29.0,2015,7,202,1
2015-07-22,27.0,2015,7,203,2
2015-07-23,17.0,2015,7,204,3
2015-07-24,29.0,2015,7,205,4
2015-07-25,34.0,2015,7,206,5
2015-07-26,38.0,2015,7,207,6
2015-07-27,13.0,2015,7,208,0
2015-07-28,27.0,2015,7,209,1
2015-07-29,26.0,2015,7,210,2
2015-07-30,22.0,2015,7,211,3
2015-07-31,29.0,2015,7,212,4
2015-08-01,28.0,2015,8,213,5
2015-08-02,19.0,2015,8,214,6
2015-08-03,20.0,2015,8,215,0
2015-08-04,26.0,2015,8,216,1
2015-08-05,20.0,2015,8,217,2
2015-08-06,25.0,2015,8,218,3
2015-08-07,22.0,2015,8,219,4
2015-08-08,19.0,2015,8,220,5
2015-08-09,33.0,2015,8,221,6
2015-08-10,14.0,2015,8,222,0
2015-08-11,16.0,2015,8,223,1
2015-08-12,24.0,2015,8,224,2
2015-08-13,25.0,2015,8,225,3
2015-08-14,23.0,2015,8,226,4
2015-08-15,26.0,2015,8,227,5
2015-08-16,27.0,2015,8,228,6
2015-08-17,14.0,2015,8,229,0
2015-08-18,18.0,2015,8,230,1
2015-08-19,24.0,2015,8,231,2
2015-08-20,17.0,2015,8,232,3
2015-08-21,29.0,2015,8,233,4
2015-08-22,22.0,2015,8,234,5
2015-08-23,19.0,2015,8,235,6
2015-08-24,19.0,2015,8,236,0
2015-08-25,22.0,2015,8,237,1
2015-08-26,26.0,2015,8,238,2
2015-08-27,23.0,2015,8,239,3
2015-08-28,25.0,2015,8,240,4
2015-08-29,36.0,2015,8,241,5
2015-08-30,25.0,2015,8,242,6
2015-08-31,20.0,2015,8,243,0
2015-09-01,27.0,2015,9,244,1
2015-09-02,22.0,2015,9,245,2
2015-09-03,16.0,2015,9,246,3
2015-09-04,16.0,2015,9,247,4
2015-09-05,34.0,2015,9,248,5
2015-09-06,25.0,2015,9,249,6
2015-09-07,17.0,2015,9,250,0
2015-09-08,25.0,2015,9,251,1
2015-09-09,13.0,2015,9,252,2
2015-09-10,25.0,2015,9,253,3
2015-09-11,28.0,2015,9,254,4
2015-09-12,24.0,2015,9,255,5
2015-09-13,28.0,2015,9,256,6
2015-09-14,22.0,2015,9,257,0
2015-09-15,21.0,2015,9,258,1
2015-09-16,23.0,2015,9,259,2
2015-09-17,19.0,2015,9,260,3
2015-09-18,16.0,2015,9,261,4
2015-09-19,40.0,2015,9,262,5
2015-09-20,28.0,2015,9,263,6
2015-09-21,18.0,2015,9,264,0
2015-09-22,20.0,2015,9,265,1
2015-09-23,22.0,2015,9,266,2
2015-09-24,28.0,2015,9,267,3
2015-09-25,20.0,2015,9,268,4
2015-09-26,20.0,2015,9,269,5
2015-09-27,32.0,2015,9,270,6
2015-09-28,15.0,2015,9,271,0
2015-09-29,19.0,2015,9,272,1
2015-09-30,15.0,2015,9,273,2
2015-10-01,25.0,2015,10,274,3
2015-10-02,12.0,2015,10,275,4
2015-10-03,20.0,2015,10,276,5
2015-10-04,22.0,2015,10,277,6
2015-10-05,13.0,2015,10,278,0
2015-10-06,14.0,2015,10,279,1
2015-10-07,19.0,2015,10,280,2
2015-10-08,21.0,2015,10,281,3
2015-10-09,27.0,2015,10,282,4
2015-10-10,22.0,2015,10,283,5
2015-10-11,25.0,2015,10,284,6
2015-10-12,12.0,2015,10,285,0
2015-10-13,24.0,2015,10,286,1
2015-10-14,26.0,2015,10,287,2
2015-10-15,19.0,2015,10,288,3
2015-10-16,23.0,2015,10,289,4
2015-10-17,22.0,2015,10,290,5
2015-10-18,25.0,2015,10,291,6
2015-10-19,19.0,2015,10,292,0
2015-10-20,21.0,2015,10,293,1
2015-10-21,24.0,2015,10,294,2
2015-10-22,17.0,2015,10,295,3
2015-10-23,28.0,2015,10,296,4
2015-10-24,24.0,2015,10,297,5
2015-10-25,33.0,2015,10,298,6
2015-10-26,18.0,2015,10,299,0
2015-10-27,18.0,2015,10,300,1
2015-10-28,8.0,2015,10,301,2
2015-10-29,17.0,2015,10,302,3
2015-10-30,19.0,2015,10,303,4
2015-10-31,30.0,2015,10,304,5
2015-11-01,26.0,2015,11,305,6
2015-11-02,16.0,2015,11,306,0
2015-11-03,25.0,2015,11,307,1
2015-11-04,26.0,2015,11,308,2
2015-11-05,21.0,2015,11,309,3
2015-11-06,24.0,2015,11,310,4
2015-11-07,25.0,2015,11,311,5
2015-11-08,25.0,2015,11,312,6
2015-11-09,16.0,2015,11,313,0
2015-11-10,15.0,2015,11,314,1
2015-11-11,24.0,2015,11,315,2
2015-11-12,19.0,2015,11,316,3
2015-11-13,21.0,2015,11,317,4
2015-11-14,37.0,2015,11,318,5
2015-11-15,31.0,2015,11,319,6
2015-11-16,14.0,2015,11,320,0
2015-11-17,19.0,2015,11,321,1
2015-11-18,30.0,2015,11,322,2
2015-11-19,26.0,2015,11,323,3
2015-11-20,27.0,2015,11,324,4
2015-11-21,22.0,2015,11,325,5
2015-11-22,30.0,2015,11,326,6
2015-11-23,21.0,2015,11,327,0
2015-11-24,20.0,2015,11,328,1
2015-11-25,16.0,2015,11,329,2
2015-11-26,19.0,2015,11,330,3
2015-11-27,33.0,2015,11,331,4
2015-11-28,24.0,2015,11,332,5
2015-11-29,27.0,2015,11,333,6
2015-11-30,5.0,2015,11,334,0
2015-12-01,13.0,2015,12,335,1
2015-12-02,12.0,2015,12,336,2
2015-12-03,14.0,2015,12,337,3
2015-12-04,29.0,2015,12,338,4
2015-12-05,12.0,2015,12,339,5
2015-12-06,14.0,2015,12,340,6
2015-12-07,14.0,2015,12,341,0
2015-12-08,13.0,2015,12,342,1
2015-12-09,18.0,2015,12,343,2
2015-12-10,14.0,2015,12,344,3
2015-12-11,21.0,2015,12,345,4
2015-12-12,23.0,2015,12,346,5
2015-12-13,14.0,2015,12,347,6
2015-12-14,10.0,2015,12,348,0
2015-12-15,12.0,2015,12,349,1
2015-12-16,19.0,2015,12,350,2
2015-12-17,9.0,2015,12,351,3
2015-12-18,19.0,2015,12,352,4
2015-12-19,21.0,2015,12,353,5
2015-12-20,17.0,2015,12,354,6
2015-12-21,10.0,2015,12,355,0
2015-12-22,13.0,2015,12,356,1
2015-12-23,14.0,2015,12,357,2
2015-12-24,7.0,2015,12,358,3
2015-12-25,19.0,2015,12,359,4
2015-12-26,13.0,2015,12,360,5
2015-12-27,17.0,2015,12,361,6
2015-12-28,4.0,2015,12,362,0
2015-12-29,12.0,2015,12,363,1
2015-12-30,15.0,2015,12,364,2
2015-12-31,18.0,2015,12,365,3
2016-01-01,21.0,2016,1,1,4
2016-01-02,13.0,2016,1,2,5
2016-01-03,12.0,2016,1,3,6
2016-01-04,12.0,2016,1,4,0
2016-01-05,12.0,2016,1,5,1
2016-01-06,16.0,2016,1,6,2
2016-01-07,12.0,2016,1,7,3
2016-01-08,12.0,2016,1,8,4
2016-01-09,16.0,2016,1,9,5
2016-01-10,26.0,2016,1,10,6
2016-01-11,7.0,2016,1,11,0
2016-01-12,13.0,2016,1,12,1
2016-01-13,9.0,2016,1,13,2
2016-01-14,18.0,2016,1,14,3
2016-01-15,13.0,2016,1,15,4
2016-01-16,8.0,2016,1,16,5
2016-01-17,13.0,2016,1,17,6
2016-01-18,7.0,2016,1,18,0
2016-01-19,17.0,2016,1,19,1
2016-01-20,13.0,2016,1,20,2
2016-01-21,12.0,2016,1,21,3
2016-01-22,15.0,2016,1,22,4
2016-01-23,23.0,2016,1,23,5
2016-01-24,21.0,2016,1,24,6
2016-01-25,15.0,2016,1,25,0
2016-01-26,18.0,2016,1,26,1
2016-01-27,14.0,2016,1,27,2
2016-01-28,17.0,2016,1,28,3
2016-01-29,16.0,2016,1,29,4
2016-01-30,14.0,2016,1,30,5
2016-01-31,14.0,2016,1,31,6
2016-02-01,16.0,2016,2,32,0
2016-02-02,16.0,2016,2,33,1
2016-02-03,19.0,2016,2,34,2
2016-02-04,9.0,2016,2,35,3
2016-02-05,14.0,2016,2,36,4
2016-02-06,14.0,2016,2,37,5
2016-02-07,18.0,2016,2,38,6
2016-02-08,12.0,2016,2,39,0
2016-02-09,14.0,2016,2,40,1
2016-02-10,16.0,2016,2,41,2
2016-02-11,14.0,2016,2,42,3
2016-02-12,15.0,2016,2,43,4
2016-02-13,10.0,2016,2,44,5
2016-02-14,23.0,2016,2,45,6
2016-02-15,8.0,2016,2,46,0
2016-02-16,19.0,2016,2,47,1
2016-02-17,29.0,2016,2,48,2
2016-02-18,17.0,2016,2,49,3
2016-02-19,18.0,2016,2,50,4
2016-02-20,18.0,2016,2,51,5
2016-02-21,21.0,2016,2,52,6
2016-02-22,16.0,2016,2,53,0
2016-02-23,16.0,2016,2,54,1
2016-02-24,10.0,2016,2,55,2
2016-02-25,12.0,2016,2,56,3
2016-02-26,9.0,2016,2,57,4
2016-02-27,21.0,2016,2,58,5
2016-02-28,12.0,2016,2,59,6
2016-02-29,14.0,2016,2,60,0
2016-03-01,16.0,2016,3,61,1
2016-03-02,17.0,2016,3,62,2
2016-03-03,20.0,2016,3,63,3
2016-03-04,17.0,2016,3,64,4
2016-03-05,17.0,2016,3,65,5
2016-03-06,22.0,2016,3,66,6
2016-03-07,17.0,2016,3,67,0
2016-03-08,9.0,2016,3,68,1
2016-03-09,18.0,2016,3,69,2
2016-03-10,15.0,2016,3,70,3
2016-03-11,22.0,2016,3,71,4
2016-03-12,17.0,2016,3,72,5
2016-03-13,23.0,2016,3,73,6
2016-03-14,13.0,2016,3,74,0
2016-03-15,11.0,2016,3,75,1
2016-03-16,23.0,2016,3,76,2
2016-03-17,19.0,2016,3,77,3
2016-03-18,21.0,2016,3,78,4
2016-03-19,25.0,2016,3,79,5
2016-03-20,25.0,2016,3,80,6
2016-03-21,22.0,2016,3,81,0
2016-03-22,17.0,2016,3,82,1
2016-03-23,19.0,2016,3,83,2
2016-03-24,18.0,2016,3,84,3
2016-03-25,27.0,2016,3,85,4
2016-03-26,22.0,2016,3,86,5
2016-03-27,28.0,2016,3,87,6
2016-03-28,16.0,2016,3,88,0
2016-03-29,22.0,2016,3,89,1
2016-03-30,14.0,2016,3,90,2
2016-03-31,17.0,2016,3,91,3
2016-04-01,32.0,2016,4,92,4
2016-04-02,24.0,2016,4,93,5
2016-04-03,29.0,2016,4,94,6
2016-04-04,18.0,2016,4,95,0
2016-04-05,20.0,2016,4,96,1
2016-04-06,25.0,2016,4,97,2
2016-04-07,18.0,2016,4,98,3
2016-04-08,23.0,2016,4,99,4
2016-04-09,22.0,2016,4,100,5
2016-04-10,36.0,2016,4,101,6
2016-04-11,18.0,2016,4,102,0
2016-04-12,30.0,2016,4,103,1
2016-04-13,24.0,2016,4,104,2
2016-04-14,22.0,2016,4,105,3
2016-04-15,23.0,2016,4,106,4
2016-04-16,22.0,2016,4,107,5
2016-04-17,18.0,2016,4,108,6
2016-04-18,23.0,2016,4,109,0
2016-04-19,23.0,2016,4,110,1
2016-04-20,18.0,2016,4,111,2
2016-04-21,20.0,2016,4,112,3
2016-04-22,22.0,2016,4,113,4
2016-04-23,23.0,2016,4,114,5
2016-04-24,26.0,2016,4,115,6
2016-04-25,15.0,2016,4,116,0
2016-04-26,20.0,2016,4,117,1
2016-04-27,19.0,2016,4,118,2
2016-04-28,21.0,2016,4,119,3
2016-04-29,30.0,2016,4,120,4
2016-04-30,30.0,2016,4,121,5
2016-05-01,30.0,2016,5,122,6
2016-05-02,18.0,2016,5,123,0
2016-05-03,29.0,2016,5,124,1
2016-05-04,24.0,2016,5,125,2
2016-05-05,17.0,2016,5,126,3
2016-05-06,23.0,2016,5,127,4
2016-05-07,23.0,2016,5,128,5
2016-05-08,26.0,2016,5,129,6
2016-05-09,18.0,2016,5,130,0
2016-05-10,29.0,2016,5,131,1
2016-05-11,21.0,2016,5,132,2
2016-05-12,19.0,2016,5,133,3
2016-05-13,26.0,2016,5,134,4
2016-05-14,30.0,2016,5,135,5
2016-05-15,39.0,2016,5,136,6
2016-05-16,13.0,2016,5,137,0
2016-05-17,25.0,2016,5,138,1
2016-05-18,33.0,2016,5,139,2
2016-05-19,26.0,2016,5,140,3
2016-05-20,28.0,2016,5,141,4
2016-05-21,35.0,2016,5,142,5
2016-05-22,32.0,2016,5,143,6
2016-05-23,22.0,2016,5,144,0
2016-05-24,26.0,2016,5,145,1
2016-05-25,29.0,2016,5,146,2
2016-05-26,17.0,2016,5,147,3
2016-05-27,26.0,2016,5,148,4
2016-05-28,33.0,2016,5,149,5
2016-05-29,29.0,2016,5,150,6
2016-05-30,18.0,2016,5,151,0
2016-05-31,18.0,2016,5,152,1
2016-06-01,24.0,2016,6,153,2
2016-06-02,25.0,2016,6,154,3
2016-06-03,38.0,2016,6,155,4
2016-06-04,28.0,2016,6,156,5
2016-06-05,35.0,2016,6,157,6
2016-06-06,23.0,2016,6,158,0
2016-06-07,22.0,2016,6,159,1
2016-06-08,22.0,2016,6,160,2
2016-06-09,24.0,2016,6,161,3
2016-06-10,34.0,2016,6,162,4
2016-06-11,31.0,2016,6,163,5
2016-06-12,22.0,2016,6,164,6
2016-06-13,22.0,2016,6,165,0
2016-06-14,25.0,2016,6,166,1
2016-06-15,22.0,2016,6,167,2
2016-06-16,30.0,2016,6,168,3
2016-06-17,22.0,2016,6,169,4
2016-06-18,27.0,2016,6,170,5
2016-06-19,28.0,2016,6,171,6
2016-06-20,15.0,2016,6,172,0
2016-06-21,25.0,2016,6,173,1
2016-06-22,25.0,2016,6,174,2
2016-06-23,23.0,2016,6,175,3
2016-06-24,31.0,2016,6,176,4
2016-06-25,31.0,2016,6,177,5
2016-06-26,32.0,2016,6,178,6
2016-06-27,26.0,2016,6,179,0
2016-06-28,28.0,2016,6,180,1
2016-06-29,25.0,2016,6,181,2
2016-06-30,25.0,2016,6,182,3
2016-07-01,42.0,2016,7,183,4
2016-07-02,32.0,2016,7,184,5
2016-07-03,35.0,2016,7,185,6
2016-07-04,18.0,2016,7,186,0
2016-07-05,31.0,2016,7,187,1
2016-07-06,22.0,2016,7,188,2
2016-07-07,33.0,2016,7,189,3
2016-07-08,34.0,2016,7,190,4
2016-07-09,35.0,2016,7,191,5
2016-07-10,28.0,2016,7,192,6
2016-07-11,18.0,2016,7,193,0
2016-07-12,27.0,2016,7,194,1
2016-07-13,30.0,2016,7,195,2
2016-07-14,22.0,2016,7,196,3
2016-07-15,33.0,2016,7,197,4
2016-07-16,34.0,2016,7,198,5
2016-07-17,37.0,2016,7,199,6
2016-07-18,24.0,2016,7,200,0
2016-07-19,25.0,2016,7,201,1
2016-07-20,22.0,2016,7,202,2
2016-07-21,34.0,2016,7,203,3
2016-07-22,26.0,2016,7,204,4
2016-07-23,34.0,2016,7,205,5
2016-07-24,25.0,2016,7,206,6
2016-07-25,21.0,2016,7,207,0
2016-07-26,24.0,2016,7,208,1
2016-07-27,28.0,2016,7,209,2
2016-07-28,30.0,2016,7,210,3
2016-07-29,30.0,2016,7,211,4
2016-07-30,38.0,2016,7,212,5
2016-07-31,31.0,2016,7,213,6
2016-08-01,21.0,2016,8,214,0
2016-08-02,22.0,2016,8,215,1
2016-08-03,28.0,2016,8,216,2
2016-08-04,34.0,2016,8,217,3
2016-08-05,24.0,2016,8,218,4
2016-08-06,20.0,2016,8,219,5
2016-08-07,31.0,2016,8,220,6
2016-08-08,11.0,2016,8,221,0
2016-08-09,26.0,2016,8,222,1
2016-08-10,21.0,2016,8,223,2
2016-08-11,23.0,2016,8,224,3
2016-08-12,16.0,2016,8,225,4
2016-08-13,27.0,2016,8,226,5
2016-08-14,36.0,2016,8,227,6
2016-08-15,24.0,2016,8,228,0
2016-08-16,15.0,2016,8,229,1
2016-08-17,25.0,2016,8,230,2
2016-08-18,26.0,2016,8,231,3
2016-08-19,29.0,2016,8,232,4
2016-08-20,30.0,2016,8,233,5
2016-08-21,22.0,2016,8,234,6
2016-08-22,15.0,2016,8,235,0
2016-08-23,24.0,2016,8,236,1
2016-08-24,32.0,2016,8,237,2
2016-08-25,17.0,2016,8,238,3
2016-08-26,25.0,2016,8,239,4
2016-08-27,24.0,2016,8,240,5
2016-08-28,34.0,2016,8,241,6
2016-08-29,14.0,2016,8,242,0
2016-08-30,14.0,2016,8,243,1
2016-08-31,17.0,2016,8,244,2
2016-09-01,18.0,2016,9,245,3
2016-09-02,20.0,2016,9,246,4
2016-09-03,31.0,2016,9,247,5
2016-09-04,25.0,2016,9,248,6
2016-09-05,32.0,2016,9,249,0
2016-09-06,28.0,2016,9,250,1
2016-09-07,18.0,2016,9,251,2
2016-09-08,28.0,2016,9,252,3
2016-09-09,26.0,2016,9,253,4
2016-09-10,25.0,2016,9,254,5
2016-09-11,24.0,2016,9,255,6
2016-09-12,24.0,2016,9,256,0
2016-09-13,24.0,2016,9,257,1
2016-09-14,19.0,2016,9,258,2
2016-09-15,20.0,2016,9,259,3
2016-09-16,19.0,2016,9,260,4
2016-09-17,19.0,2016,9,261,5
2016-09-18,27.0,2016,9,262,6
2016-09-19,19.0,2016,9,263,0
2016-09-20,23.0,2016,9,264,1
2016-09-21,25.0,2016,9,265,2
2016-09-22,25.0,2016,9,266,3
2016-09-23,24.0,2016,9,267,4
2016-09-24,26.0,2016,9,268,5
2016-09-25,27.0,2016,9,269,6
2016-09-26,17.0,2016,9,270,0
2016-09-27,18.0,2016,9,271,1
2016-09-28,27.0,2016,9,272,2
2016-09-29,28.0,2016,9,273,3
2016-09-30,23.0,2016,9,274,4
2016-10-01,25.0,2016,10,275,5
2016-10-02,26.0,2016,10,276,6
2016-10-03,20.0,2016,10,277,0
2016-10-04,28.0,2016,10,278,1
2016-10-05,17.0,2016,10,279,2
2016-10-06,22.0,2016,10,280,3
2016-10-07,19.0,2016,10,281,4
2016-10-08,24.0,2016,10,282,5
2016-10-09,29.0,2016,10,283,6
2016-10-10,18.0,2016,10,284,0
2016-10-11,18.0,2016,10,285,1
2016-10-12,16.0,2016,10,286,2
2016-10-13,16.0,2016,10,287,3
2016-10-14,32.0,2016,10,288,4
2016-10-15,32.0,2016,10,289,5
2016-10-16,26.0,2016,10,290,6
2016-10-17,20.0,2016,10,291,0
2016-10-18,21.0,2016,10,292,1
2016-10-19,20.0,2016,10,293,2
2016-10-20,30.0,2016,10,294,3
2016-10-21,25.0,2016,10,295,4
2016-10-22,26.0,2016,10,296,5
2016-10-23,21.0,2016,10,297,6
2016-10-24,16.0,2016,10,298,0
2016-10-25,13.0,2016,10,299,1
2016-10-26,16.0,2016,10,300,2
2016-10-27,25.0,2016,10,301,3
2016-10-28,18.0,2016,10,302,4
2016-10-29,23.0,2016,10,303,5
2016-10-30,33.0,2016,10,304,6
2016-10-31,24.0,2016,10,305,0
2016-11-01,22.0,2016,11,306,1
2016-11-02,23.0,2016,11,307,2
2016-11-03,23.0,2016,11,308,3
2016-11-04,22.0,2016,11,309,4
2016-11-05,29.0,2016,11,310,5
2016-11-06,18.0,2016,11,311,6
2016-11-07,17.0,2016,11,312,0
2016-11-08,19.0,2016,11,313,1
2016-11-09,22.0,2016,11,314,2
2016-11-10,18.0,2016,11,315,3
2016-11-11,26.0,2016,11,316,4
2016-11-12,26.0,2016,11,317,5
2016-11-13,36.0,2016,11,318,6
2016-11-14,17.0,2016,11,319,0
2016-11-15,22.0,2016,11,320,1
2016-11-16,20.0,2016,11,321,2
2016-11-17,19.0,2016,11,322,3
2016-11-18,21.0,2016,11,323,4
2016-11-19,36.0,2016,11,324,5
2016-11-20,22.0,2016,11,325,6
2016-11-21,14.0,2016,11,326,0
2016-11-22,18.0,2016,11,327,1
2016-11-23,20.0,2016,11,328,2
2016-11-24,18.0,2016,11,329,3
2016-11-25,26.0,2016,11,330,4
2016-11-26,20.0,2016,11,331,5
2016-11-27,20.0,2016,11,332,6
2016-11-28,22.0,2016,11,333,0
2016-11-29,27.0,2016,11,334,1
2016-11-30,19.0,2016,11,335,2
2016-12-01,13.0,2016,12,336,3
2016-12-02,11.0,2016,12,337,4
2016-12-03,19.0,2016,12,338,5
2016-12-04,24.0,2016,12,339,6
2016-12-05,13.0,2016,12,340,0
2016-12-06,10.0,2016,12,341,1
2016-12-07,17.0,2016,12,342,2
2016-12-08,15.0,2016,12,343,3
2016-12-09,7.0,2016,12,344,4
2016-12-10,12.0,2016,12,345,5
2016-12-11,20.0,2016,12,346,6
2016-12-12,12.0,2016,12,347,0
2016-12-13,23.0,2016,12,348,1
2016-12-14,12.0,2016,12,349,2
2016-12-15,10.0,2016,12,350,3
2016-12-16,15.0,2016,12,351,4
2016-12-17,19.0,2016,12,352,5
2016-12-18,22.0,2016,12,353,6
2016-12-19,17.0,2016,12,354,0
2016-12-20,18.0,2016,12,355,1
2016-12-21,12.0,2016,12,356,2
2016-12-22,20.0,2016,12,357,3
2016-12-23,21.0,2016,12,358,4
2016-12-24,13.0,2016,12,359,5
2016-12-25,20.0,2016,12,360,6
2016-12-26,16.0,2016,12,361,0
2016-12-27,10.0,2016,12,362,1
2016-12-28,16.0,2016,12,363,2
2016-12-29,21.0,2016,12,364,3
2016-12-30,24.0,2016,12,365,4
2016-12-31,14.0,2016,12,366,5
2017-01-01,19.0,2017,1,1,6
2017-01-02,15.0,2017,1,2,0
2017-01-03,10.0,2017,1,3,1
2017-01-04,16.0,2017,1,4,2
2017-01-05,14.0,2017,1,5,3
2017-01-06,24.0,2017,1,6,4
2017-01-07,14.0,2017,1,7,5
2017-01-08,20.0,2017,1,8,6
2017-01-09,18.0,2017,1,9,0
2017-01-10,11.0,2017,1,10,1
2017-01-11,14.0,2017,1,11,2
2017-01-12,17.0,2017,1,12,3
2017-01-13,7.0,2017,1,13,4
2017-01-14,16.0,2017,1,14,5
2017-01-15,29.0,2017,1,15,6
2017-01-16,15.0,2017,1,16,0
2017-01-17,14.0,2017,1,17,1
2017-01-18,10.0,2017,1,18,2
2017-01-19,16.0,2017,1,19,3
2017-01-20,22.0,2017,1,20,4
2017-01-21,13.0,2017,1,21,5
2017-01-22,21.0,2017,1,22,6
2017-01-23,9.0,2017,1,23,0
2017-01-24,18.0,2017,1,24,1
2017-01-25,14.0,2017,1,25,2
2017-01-26,13.0,2017,1,26,3
2017-01-27,10.0,2017,1,27,4
2017-01-28,16.0,2017,1,28,5
2017-01-29,24.0,2017,1,29,6
2017-01-30,9.0,2017,1,30,0
2017-01-31,17.0,2017,1,31,1
2017-02-01,15.0,2017,2,32,2
2017-02-02,17.0,2017,2,33,3
2017-02-03,24.0,2017,2,34,4
2017-02-04,25.0,2017,2,35,5
2017-02-05,25.0,2017,2,36,6
2017-02-06,16.0,2017,2,37,0
2017-02-07,12.0,2017,2,38,1
2017-02-08,20.0,2017,2,39,2
2017-02-09,16.0,2017,2,40,3
2017-02-10,16.0,2017,2,41,4
2017-02-11,18.0,2017,2,42,5
2017-02-12,19.0,2017,2,43,6
2017-02-13,11.0,2017,2,44,0
2017-02-14,15.0,2017,2,45,1
2017-02-15,22.0,2017,2,46,2
2017-02-16,11.0,2017,2,47,3
2017-02-17,17.0,2017,2,48,4
2017-02-18,22.0,2017,2,49,5
2017-02-19,18.0,2017,2,50,6
2017-02-20,5.0,2017,2,51,0
2017-02-21,14.0,2017,2,52,1
2017-02-22,12.0,2017,2,53,2
2017-02-23,26.0,2017,2,54,3
2017-02-24,15.0,2017,2,55,4
2017-02-25,16.0,2017,2,56,5
2017-02-26,28.0,2017,2,57,6
2017-02-27,12.0,2017,2,58,0
2017-02-28,20.0,2017,2,59,1
2017-03-01,16.0,2017,3,60,2
2017-03-02,23.0,2017,3,61,3
2017-03-03,22.0,2017,3,62,4
2017-03-04,13.0,2017,3,63,5
2017-03-05,25.0,2017,3,64,6
2017-03-06,11.0,2017,3,65,0
2017-03-07,14.0,2017,3,66,1
2017-03-08,17.0,2017,3,67,2
2017-03-09,16.0,2017,3,68,3
2017-03-10,18.0,2017,3,69,4
2017-03-11,15.0,2017,3,70,5
2017-03-12,21.0,2017,3,71,6
2017-03-13,14.0,2017,3,72,0
2017-03-14,24.0,2017,3,73,1
2017-03-15,22.0,2017,3,74,2
2017-03-16,23.0,2017,3,75,3
2017-03-17,17.0,2017,3,76,4
2017-03-18,20.0,2017,3,77,5
2017-03-19,25.0,2017,3,78,6
2017-03-20,14.0,2017,3,79,0
2017-03-21,13.0,2017,3,80,1
2017-03-22,23.0,2017,3,81,2
2017-03-23,18.0,2017,3,82,3
2017-03-24,19.0,2017,3,83,4
2017-03-25,20.0,2017,3,84,5
2017-03-26,17.0,2017,3,85,6
2017-03-27,21.0,2017,3,86,0
2017-03-28,13.0,2017,3,87,1
2017-03-29,12.0,2017,3,88,2
2017-03-30,22.0,2017,3,89,3
2017-03-31,13.0,2017,3,90,4
2017-04-01,26.0,2017,4,91,5
2017-04-02,21.0,2017,4,92,6
2017-04-03,17.0,2017,4,93,0
2017-04-04,22.0,2017,4,94,1
2017-04-05,21.0,2017,4,95,2
2017-04-06,25.0,2017,4,96,3
2017-04-07,25.0,2017,4,97,4
2017-04-08,23.0,2017,4,98,5
2017-04-09,20.0,2017,4,99,6
2017-04-10,19.0,2017,4,100,0
2017-04-11,21.0,2017,4,101,1
2017-04-12,17.0,2017,4,102,2
2017-04-13,25.0,2017,4,103,3
2017-04-14,15.0,2017,4,104,4
2017-04-15,20.0,2017,4,105,5
2017-04-16,32.0,2017,4,106,6
2017-04-17,13.0,2017,4,107,0
2017-04-18,21.0,2017,4,108,1
2017-04-19,19.0,2017,4,109,2
2017-04-20,26.0,2017,4,110,3
2017-04-21,27.0,2017,4,111,4
2017-04-22,19.0,2017,4,112,5
2017-04-23,22.0,2017,4,113,6
2017-04-24,17.0,2017,4,114,0
2017-04-25,26.0,2017,4,115,1
2017-04-26,22.0,2017,4,116,2
2017-04-27,26.0,2017,4,117,3
2017-04-28,25.0,2017,4,118,4
2017-04-29,32.0,2017,4,119,5
2017-04-30,33.0,2017,4,120,6
2017-05-01,15.0,2017,5,121,0
2017-05-02,21.0,2017,5,122,1
2017-05-03,29.0,2017,5,123,2
2017-05-04,19.0,2017,5,124,3
2017-05-05,28.0,2017,5,125,4
2017-05-06,34.0,2017,5,126,5
2017-05-07,31.0,2017,5,127,6
2017-05-08,24.0,2017,5,128,0
2017-05-09,32.0,2017,5,129,1
2017-05-10,17.0,2017,5,130,2
2017-05-11,18.0,2017,5,131,3
2017-05-12,26.0,2017,5,132,4
2017-05-13,25.0,2017,5,133,5
2017-05-14,32.0,2017,5,134,6
2017-05-15,17.0,2017,5,135,0
2017-05-16,24.0,2017,5,136,1
2017-05-17,16.0,2017,5,137,2
2017-05-18,32.0,2017,5,138,3
2017-05-19,35.0,2017,5,139,4
2017-05-20,34.0,2017,5,140,5
2017-05-21,25.0,2017,5,141,6
2017-05-22,20.0,2017,5,142,0
2017-05-23,15.0,2017,5,143,1
2017-05-24,30.0,2017,5,144,2
2017-05-25,22.0,2017,5,145,3
2017-05-26,24.0,2017,5,146,4
2017-05-27,35.0,2017,5,147,5
2017-05-28,33.0,2017,5,148,6
2017-05-29,23.0,2017,5,149,0
2017-05-30,17.0,2017,5,150,1
2017-05-31,20.0,2017,5,151,2
2017-06-01,29.0,2017,6,152,3
2017-06-02,25.0,2017,6,153,4
2017-06-03,36.0,2017,6,154,5
2017-06-04,27.0,2017,6,155,6
2017-06-05,22.0,2017,6,156,0
2017-06-06,22.0,2017,6,157,1
2017-06-07,29.0,2017,6,158,2
2017-06-08,26.0,2017,6,159,3
2017-06-09,16.0,2017,6,160,4
2017-06-10,41.0,2017,6,161,5
2017-06-11,28.0,2017,6,162,6
2017-06-12,23.0,2017,6,163,0
2017-06-13,26.0,2017,6,164,1
2017-06-14,32.0,2017,6,165,2
2017-06-15,30.0,2017,6,166,3
2017-06-16,26.0,2017,6,167,4
2017-06-17,31.0,2017,6,168,5
2017-06-18,38.0,2017,6,169,6
2017-06-19,30.0,2017,6,170,0
2017-06-20,22.0,2017,6,171,1
2017-06-21,26.0,2017,6,172,2
2017-06-22,24.0,2017,6,173,3
2017-06-23,26.0,2017,6,174,4
2017-06-24,30.0,2017,6,175,5
2017-06-25,26.0,2017,6,176,6
2017-06-26,21.0,2017,6,177,0
2017-06-27,32.0,2017,6,178,1
2017-06-28,50.0,2017,6,179,2
2017-06-29,28.0,2017,6,180,3
2017-06-30,28.0,2017,6,181,4
2017-07-01,31.0,2017,7,182,5
2017-07-02,38.0,2017,7,183,6
2017-07-03,18.0,2017,7,184,0
2017-07-04,23.0,2017,7,185,1
2017-07-05,23.0,2017,7,186,2
2017-07-06,31.0,2017,7,187,3
2017-07-07,32.0,2017,7,188,4
2017-07-08,27.0,2017,7,189,5
2017-07-09,32.0,2017,7,190,6
2017-07-10,16.0,2017,7,191,0
2017-07-11,23.0,2017,7,192,1
2017-07-12,29.0,2017,7,193,2
2017-07-13,22.0,2017,7,194,3
2017-07-14,38.0,2017,7,195,4
2017-07-15,40.0,2017,7,196,5
2017-07-16,36.0,2017,7,197,6
2017-07-17,20.0,2017,7,198,0
2017-07-18,26.0,2017,7,199,1
2017-07-19,24.0,2017,7,200,2
2017-07-20,37.0,2017,7,201,3
2017-07-21,27.0,2017,7,202,4
2017-07-22,35.0,2017,7,203,5
2017-07-23,32.0,2017,7,204,6
2017-07-24,27.0,2017,7,205,0
2017-07-25,20.0,2017,7,206,1
2017-07-26,28.0,2017,7,207,2
2017-07-27,35.0,2017,7,208,3
2017-07-28,25.0,2017,7,209,4
2017-07-29,30.0,2017,7,210,5
2017-07-30,26.0,2017,7,211,6
2017-07-31,22.0,2017,7,212,0
2017-08-01,18.0,2017,8,213,1
2017-08-02,19.0,2017,8,214,2
2017-08-03,25.0,2017,8,215,3
2017-08-04,26.0,2017,8,216,4
2017-08-05,35.0,2017,8,217,5
2017-08-06,29.0,2017,8,218,6
2017-08-07,20.0,2017,8,219,0
2017-08-08,28.0,2017,8,220,1
2017-08-09,28.0,2017,8,221,2
2017-08-10,31.0,2017,8,222,3
2017-08-11,25.0,2017,8,223,4
2017-08-12,32.0,2017,8,224,5
2017-08-13,32.0,2017,8,225,6
2017-08-14,26.0,2017,8,226,0
2017-08-15,18.0,2017,8,227,1
2017-08-16,24.0,2017,8,228,2
2017-08-17,21.0,2017,8,229,3
2017-08-18,35.0,2017,8,230,4
2017-08-19,29.0,2017,8,231,5
2017-08-20,27.0,2017,8,232,6
2017-08-21,19.0,2017,8,233,0
2017-08-22,28.0,2017,8,234,1
2017-08-23,26.0,2017,8,235,2
2017-08-24,15.0,2017,8,236,3
2017-08-25,30.0,2017,8,237,4
2017-08-26,38.0,2017,8,238,5
2017-08-27,26.0,2017,8,239,6
2017-08-28,15.0,2017,8,240,0
2017-08-29,21.0,2017,8,241,1
2017-08-30,22.0,2017,8,242,2
2017-08-31,26.0,2017,8,243,3
2017-09-01,38.0,2017,9,244,4
2017-09-02,26.0,2017,9,245,5
2017-09-03,23.0,2017,9,246,6
2017-09-04,12.0,2017,9,247,0
2017-09-05,26.0,2017,9,248,1
2017-09-06,24.0,2017,9,249,2
2017-09-07,29.0,2017,9,250,3
2017-09-08,28.0,2017,9,251,4
2017-09-09,28.0,2017,9,252,5
2017-09-10,30.0,2017,9,253,6
2017-09-11,16.0,2017,9,254,0
2017-09-12,20.0,2017,9,255,1
2017-09-13,13.0,2017,9,256,2
2017-09-14,26.0,2017,9,257,3
2017-09-15,28.0,2017,9,258,4
2017-09-16,27.0,2017,9,259,5
2017-09-17,30.0,2017,9,260,6
2017-09-18,22.0,2017,9,261,0
2017-09-19,21.0,2017,9,262,1
2017-09-20,20.0,2017,9,263,2
2017-09-21,20.0,2017,9,264,3
2017-09-22,28.0,2017,9,265,4
2017-09-23,37.0,2017,9,266,5
2017-09-24,24.0,2017,9,267,6
2017-09-25,14.0,2017,9,268,0
2017-09-26,18.0,2017,9,269,1
2017-09-27,27.0,2017,9,270,2
2017-09-28,23.0,2017,9,271,3
2017-09-29,28.0,2017,9,272,4
2017-09-30,30.0,2017,9,273,5
2017-10-01,21.0,2017,10,274,6
2017-10-02,12.0,2017,10,275,0
2017-10-03,18.0,2017,10,276,1
2017-10-04,15.0,2017,10,277,2
2017-10-05,20.0,2017,10,278,3
2017-10-06,19.0,2017,10,279,4
2017-10-07,22.0,2017,10,280,5
2017-10-08,19.0,2017,10,281,6
2017-10-09,9.0,2017,10,282,0
2017-10-10,23.0,2017,10,283,1
2017-10-11,14.0,2017,10,284,2
2017-10-12,24.0,2017,10,285,3
2017-10-13,23.0,2017,10,286,4
2017-10-14,26.0,2017,10,287,5
2017-10-15,28.0,2017,10,288,6
2017-10-16,19.0,2017,10,289,0
2017-10-17,17.0,2017,10,290,1
2017-10-18,15.0,2017,10,291,2
2017-10-19,26.0,2017,10,292,3
2017-10-20,22.0,2017,10,293,4
2017-10-21,26.0,2017,10,294,5
2017-10-22,32.0,2017,10,295,6
2017-10-23,20.0,2017,10,296,0
2017-10-24,23.0,2017,10,297,1
2017-10-25,22.0,2017,10,298,2
2017-10-26,28.0,2017,10,299,3
2017-10-27,20.0,2017,10,300,4
2017-10-28,22.0,2017,10,301,5
2017-10-29,29.0,2017,10,302,6
2017-10-30,22.0,2017,10,303,0
2017-10-31,24.0,2017,10,304,1
2017-11-01,16.0,2017,11,305,2
2017-11-02,21.0,2017,11,306,3
2017-11-03,18.0,2017,11,307,4
2017-11-04,34.0,2017,11,308,5
2017-11-05,23.0,2017,11,309,6
2017-11-06,17.0,2017,11,310,0
2017-11-07,23.0,2017,11,311,1
2017-11-08,14.0,2017,11,312,2
2017-11-09,21.0,2017,11,313,3
2017-11-10,19.0,2017,11,314,4
2017-11-11,24.0,2017,11,315,5
2017-11-12,27.0,2017,11,316,6
2017-11-13,22.0,2017,11,317,0
2017-11-14,16.0,2017,11,318,1
2017-11-15,19.0,2017,11,319,2
2017-11-16,22.0,2017,11,320,3
2017-11-17,25.0,2017,11,321,4
2017-11-18,31.0,2017,11,322,5
2017-11-19,32.0,2017,11,323,6
2017-11-20,21.0,2017,11,324,0
2017-11-21,29.0,2017,11,325,1
2017-11-22,27.0,2017,11,326,2
2017-11-23,25.0,2017,11,327,3
2017-11-24,22.0,2017,11,328,4
2017-11-25,29.0,2017,11,329,5
2017-11-26,24.0,2017,11,330,6
2017-11-27,10.0,2017,11,331,0
2017-11-28,14.0,2017,11,332,1
2017-11-29,28.0,2017,11,333,2
2017-11-30,15.0,2017,11,334,3
2017-12-01,19.0,2017,12,335,4
2017-12-02,16.0,2017,12,336,5
2017-12-03,31.0,2017,12,337,6
2017-12-04,7.0,2017,12,338,0
2017-12-05,20.0,2017,12,339,1
2017-12-06,17.0,2017,12,340,2
2017-12-07,18.0,2017,12,341,3
2017-12-08,17.0,2017,12,342,4
2017-12-09,27.0,2017,12,343,5
2017-12-10,20.0,2017,12,344,6
2017-12-11,20.0,2017,12,345,0
2017-12-12,13.0,2017,12,346,1
2017-12-13,17.0,2017,12,347,2
2017-12-14,14.0,2017,12,348,3
2017-12-15,16.0,2017,12,349,4
2017-12-16,15.0,2017,12,350,5
2017-12-17,22.0,2017,12,351,6
2017-12-18,19.0,2017,12,352,0
2017-12-19,7.0,2017,12,353,1
2017-12-20,16.0,2017,12,354,2
2017-12-21,12.0,2017,12,355,3
2017-12-22,6.0,2017,12,356,4
2017-12-23,18.0,2017,12,357,5
2017-12-24,19.0,2017,12,358,6
2017-12-25,13.0,2017,12,359,0
2017-12-26,16.0,2017,12,360,1
2017-12-27,14.0,2017,12,361,2
2017-12-28,19.0,2017,12,362,3
2017-12-29,15.0,2017,12,363,4
2017-12-30,27.0,2017,12,364,5
2017-12-31,23.0,2017,12,365,6
